{"http://yago-knowledge.org/resource/United_Kingdom": "United Kingdom", "http://yago-knowledge.org/resource/England": "England", "http://yago-knowledge.org/resource/Northern_Ireland": "Northern Ireland", "http://yago-knowledge.org/resource/Scotland": "Scotland", "http://yago-knowledge.org/resource/Wales": "Wales", "http://yago-knowledge.org/resource/Metropolitan_Borough_of_Barnsley": "Barnsley", "http://yago-knowledge.org/resource/geoentity_Bath_and_North_East_Somerset_3333123": "Bath and North East Somerset", "http://yago-knowledge.org/resource/Bedfordshire": "Bedfordshire", "http://yago-knowledge.org/resource/Birmingham": "Birmingham", "http://yago-knowledge.org/resource/Blackburn_with_Darwen": "Blackburn with Darwen", "http://yago-knowledge.org/resource/Blackpool": "Blackpool", "http://yago-knowledge.org/resource/Metropolitan_Borough_of_Bolton": "Bolton", "http://yago-knowledge.org/resource/Bournemouth": "Bournemouth", "http://yago-knowledge.org/resource/Bracknell_Forest": "Bracknell Forest", "http://yago-knowledge.org/resource/City_of_Bradford": "Bradford", "http://yago-knowledge.org/resource/geoentity_Brighton_and_Hove_3333133": "Brighton and Hove", "http://yago-knowledge.org/resource/Bristol": "Bristol", "http://yago-knowledge.org/resource/Buckinghamshire": "Buckinghamshire", "http://yago-knowledge.org/resource/Metropolitan_Borough_of_Bury": "Bury", "http://yago-knowledge.org/resource/Calderdale": "Calderdale", "http://yago-knowledge.org/resource/Cambridge": "Cambridgeshire", "http://yago-knowledge.org/resource/Central_Bedfordshire": "Central Bedfordshire", "http://yago-knowledge.org/resource/Cheshire_East": "Cheshire East", "http://yago-knowledge.org/resource/geoentity_Cheshire_West_and_Chester_7290537": "Cheshire West and Chester", "http://yago-knowledge.org/resource/Cornwall": "Cornwall", "http://yago-knowledge.org/resource/Coventry": "Coventry", "http://yago-knowledge.org/resource/Cumbria": "Cumbria", "http://yago-knowledge.org/resource/Borough_of_Darlington": "Darlington", "http://yago-knowledge.org/resource/geoentity_Derby_3333142": "Derby", "http://yago-knowledge.org/resource/Derbyshire": "Derbyshire", "http://yago-knowledge.org/resource/Devon": "Devon", "http://yago-knowledge.org/resource/Metropolitan_Borough_of_Doncaster": "Doncaster", "http://yago-knowledge.org/resource/Dorset": "Dorset", "http://yago-knowledge.org/resource/Metropolitan_Borough_of_Dudley": "Dudley", "http://yago-knowledge.org/resource/County_Durham": "Durham", "http://yago-knowledge.org/resource/East_Riding_of_Yorkshire": "East Riding of Yorkshire", "http://yago-knowledge.org/resource/East_Sussex": "East Sussex", "http://yago-knowledge.org/resource/Essex": "Essex", "http://yago-knowledge.org/resource/Metropolitan_Borough_of_Gateshead": "Gateshead", "http://yago-knowledge.org/resource/Gloucestershire": "Gloucestershire", "http://yago-knowledge.org/resource/Greater_London": "Greater London", "http://yago-knowledge.org/resource/geoentity_Borough_of_Halton_2647601": "Halton", "http://yago-knowledge.org/resource/Hampshire": "Hampshire", "http://yago-knowledge.org/resource/geoentity_Hartlepool_3333152": "Hartlepool", "http://yago-knowledge.org/resource/Herefordshire": "Herefordshire", "http://yago-knowledge.org/resource/Hertfordshire": "Hertfordshire", "http://yago-knowledge.org/resource/Isle_of_Wight": "Isle of Wight", "http://yago-knowledge.org/resource/Isles_of_Scilly": "Isles of Scilly", "http://yago-knowledge.org/resource/Kent": "Kent", "http://yago-knowledge.org/resource/geoentity_City_of_Kingston_upon_Hull_3333159": "Kingston upon Hull", "http://yago-knowledge.org/resource/Kirklees": "Kirklees", "http://yago-knowledge.org/resource/Metropolitan_Borough_of_Knowsley": "Knowsley", "http://yago-knowledge.org/resource/Lancashire": "Lancashire", "http://yago-knowledge.org/resource/County_Borough_of_Leeds": "Leeds", "http://yago-knowledge.org/resource/geoentity_City_of_Leicester_3333165": "Leicester", "http://yago-knowledge.org/resource/Leicestershire": "Leicestershire", "http://yago-knowledge.org/resource/North_East_Lincolnshire": "North East Lincolnshire", "http://yago-knowledge.org/resource/Luton": "Luton", "http://yago-knowledge.org/resource/Manchester": "Manchester", "http://yago-knowledge.org/resource/Medway": "Medway", "http://yago-knowledge.org/resource/Middlesbrough": "Middlesbrough", "http://yago-knowledge.org/resource/geoentity_Milton_Keynes_3333173": "Milton Keynes", "http://yago-knowledge.org/resource/Newcastle_upon_Tyne": "Newcastle upon Tyne", "http://yago-knowledge.org/resource/Norfolk": "Norfolk", "http://yago-knowledge.org/resource/North_Lincolnshire": "North Lincolnshire", "http://yago-knowledge.org/resource/North_Somerset": "North Somerset", "http://yago-knowledge.org/resource/North_Tyneside": "North Tyneside", "http://yago-knowledge.org/resource/North_Yorkshire": "North Yorkshire", "http://yago-knowledge.org/resource/Northamptonshire": "Northamptonshire", "http://yago-knowledge.org/resource/Northumberland": "Northumberland", "http://yago-knowledge.org/resource/Nottingham": "Nottingham", "http://yago-knowledge.org/resource/Nottinghamshire": "Nottinghamshire", "http://yago-knowledge.org/resource/Metropolitan_Borough_of_Oldham": "Oldham", "http://yago-knowledge.org/resource/Oxfordshire": "Oxfordshire", "http://yago-knowledge.org/resource/Peterborough": "Peterborough", "http://yago-knowledge.org/resource/Plymouth": "Plymouth", "http://yago-knowledge.org/resource/Poole_Borough_Council": "Poole", "http://yago-knowledge.org/resource/Portsmouth": "Portsmouth", "http://yago-knowledge.org/resource/Reading,_Berkshire": "Reading", "http://yago-knowledge.org/resource/geoentity_Redcar_and_Cleveland_3333186": "Redcar and Cleveland", "http://yago-knowledge.org/resource/Metropolitan_Borough_of_Rochdale": "Rochdale", "http://yago-knowledge.org/resource/Metropolitan_Borough_of_Rotherham": "Rotherham", "http://yago-knowledge.org/resource/Rutland": "Rutland", "http://yago-knowledge.org/resource/Saint_Helens": "Saint Helens", "http://yago-knowledge.org/resource/City_of_Salford": "Salford", "http://yago-knowledge.org/resource/Sandwell": "Sandwell", "http://yago-knowledge.org/resource/Metropolitan_Borough_of_Sefton": "Sefton", "http://yago-knowledge.org/resource/Sheffield": "Sheffield", "http://yago-knowledge.org/resource/Shropshire": "Shropshire", "http://yago-knowledge.org/resource/geoentity_Slough_3333194": "Slough", "http://yago-knowledge.org/resource/Metropolitan_Borough_of_Solihull": "Solihull", "http://yago-knowledge.org/resource/Somerset": "Somerset", "http://yago-knowledge.org/resource/South_Gloucestershire": "South Gloucestershire", "http://yago-knowledge.org/resource/South_Tyneside": "South Tyneside", "http://yago-knowledge.org/resource/Southampton": "Southampton", "http://yago-knowledge.org/resource/Southend-on-Sea": "Southend-on-Sea", "http://yago-knowledge.org/resource/Staffordshire": "Staffordshire", "http://yago-knowledge.org/resource/Metropolitan_Borough_of_Stockport": "Stockport", "http://yago-knowledge.org/resource/geoentity_Stockton-on-Tees_3333203": "Stockton-on-Tees", "http://yago-knowledge.org/resource/Stoke-on-Trent": "Stoke-on-Trent", "http://yago-knowledge.org/resource/Suffolk": "Suffolk", "http://yago-knowledge.org/resource/City_of_Sunderland": "Sunderland", "http://yago-knowledge.org/resource/Surrey": "Surrey", "http://yago-knowledge.org/resource/Borough_of_Swindon": "Swindon", "http://yago-knowledge.org/resource/Tameside": "Tameside", "http://yago-knowledge.org/resource/geoentity_Telford_and_Wrekin_3333209": "Telford and Wrekin", "http://yago-knowledge.org/resource/Thurrock": "Thurrock", "http://yago-knowledge.org/resource/Torbay": "Torbay", "http://yago-knowledge.org/resource/Trafford": "Trafford", "http://yago-knowledge.org/resource/City_of_Wakefield": "Wakefield", "http://yago-knowledge.org/resource/Metropolitan_Borough_of_Walsall": "Walsall", "http://yago-knowledge.org/resource/Warrington": "Warrington", "http://yago-knowledge.org/resource/Warwickshire": "Warwickshire", "http://yago-knowledge.org/resource/West_Berkshire": "West Berkshire", "http://yago-knowledge.org/resource/West_Sussex": "West Sussex", "http://yago-knowledge.org/resource/Metropolitan_Borough_of_Wigan": "Wigan", "http://yago-knowledge.org/resource/Wiltshire": "Wiltshire", "http://yago-knowledge.org/resource/geoentity_Royal_Borough_of_Windsor_and_Maidenhead_2633840": "Windsor and Maidenhead", "http://yago-knowledge.org/resource/Metropolitan_Borough_of_Wirral": "Wirral", "http://yago-knowledge.org/resource/geoentity_Wokingham_3333221": "Wokingham", "http://yago-knowledge.org/resource/Wolverhampton": "Wolverhampton", "http://yago-knowledge.org/resource/Worcestershire": "Worcestershire", "http://yago-knowledge.org/resource/York": "York", "http://yago-knowledge.org/resource/geoentity_Antrim_and_Newtownabbey_11353069": "Antrim and Newtownabbey", "http://yago-knowledge.org/resource/geoentity_City_of_Belfast_3333223": "Belfast", "http://yago-knowledge.org/resource/geoentity_Causeway_Coast_and_Glens_11353070": "Causeway Coast and Glens", "http://yago-knowledge.org/resource/geoentity_Derry_City_and_Strabane_11353073": "Derry and Strabane", "http://yago-knowledge.org/resource/geoentity_Fermanagh_and_Omagh_11353071": "Fermanagh and Omagh", "http://yago-knowledge.org/resource/geoentity_Lisburn_and_Castlereagh_11353072": "Lisburn and Castlereagh", "http://yago-knowledge.org/resource/geoentity_Mid_and_East_Antrim_11353078": "Mid and East Antrim", "http://yago-knowledge.org/resource/Mid-Ulster_District": "Mid Ulster", "http://yago-knowledge.org/resource/geoentity_Aberdeen_City_3333224": "Aberdeen", "http://yago-knowledge.org/resource/Aberdeenshire": "Aberdeenshire", "http://yago-knowledge.org/resource/geoentity_Angus_2657306": "Angus", "http://yago-knowledge.org/resource/geoentity_Argyll_and_Bute_6457407": "Argyll and Bute", "http://yago-knowledge.org/resource/Clackmannanshire": "Clackmannanshire", "http://yago-knowledge.org/resource/geoentity_Dumfries_and_Galloway_2650797": "Dumfries and Galloway", "http://yago-knowledge.org/resource/geoentity_Dundee_City_3333225": "Dundee", "http://yago-knowledge.org/resource/East_Ayrshire": "East Ayrshire", "http://yago-knowledge.org/resource/East_Dunbartonshire": "East Dunbartonshire", "http://yago-knowledge.org/resource/East_Lothian": "East Lothian", "http://yago-knowledge.org/resource/East_Renfrewshire": "East Renfrewshire", "http://yago-knowledge.org/resource/Edinburgh": "Edinburgh", "http://yago-knowledge.org/resource/geoentity_Eilean_Siar_2634428": "Eilean Siar", "http://yago-knowledge.org/resource/Falkirk_(council_area)": "Falkirk", "http://yago-knowledge.org/resource/geoentity_Fife_2649469": "Fife", "http://yago-knowledge.org/resource/geoentity_Glasgow_City_3333231": "Glasgow", "http://yago-knowledge.org/resource/Highland_(council_area)": "Highland", "http://yago-knowledge.org/resource/Inverclyde": "Inverclyde", "http://yago-knowledge.org/resource/Midlothian": "Midlothian", "http://yago-knowledge.org/resource/geoentity_Moray_2642240": "Moray", "http://yago-knowledge.org/resource/North_Ayrshire": "North Ayrshire", "http://yago-knowledge.org/resource/North_Lanarkshire": "North Lanarkshire", "http://yago-knowledge.org/resource/geoentity_Orkney_Islands_2640923": "Orkney Islands", "http://yago-knowledge.org/resource/geoentity_Perth_and_Kinross_3333234": "Perthshire and Kinross", "http://yago-knowledge.org/resource/Renfrewshire": "Renfrewshire", "http://yago-knowledge.org/resource/Scottish_Borders": "Scottish Borders", "http://yago-knowledge.org/resource/Shetland": "Shetland Islands", "http://yago-knowledge.org/resource/South_Ayrshire": "South Ayrshire", "http://yago-knowledge.org/resource/South_Lanarkshire": "South Lanarkshire", "http://yago-knowledge.org/resource/Stirling_(council_area)": "Stirling", "http://yago-knowledge.org/resource/West_Dunbartonshire": "West Dunbartonshire", "http://yago-knowledge.org/resource/West_Lothian": "West Lothian", "http://yago-knowledge.org/resource/Ynys_Môn_(UK_Parliament_constituency)": "Anglesey", "http://yago-knowledge.org/resource/Blaenau_Gwent": "Blaenau Gwent", "http://yago-knowledge.org/resource/Bridgend_County_Borough": "Bridgend", "http://yago-knowledge.org/resource/Caerphilly_County_Borough": "Caerphilly", "http://yago-knowledge.org/resource/Cardiff": "Cardiff", "http://yago-knowledge.org/resource/Carmarthenshire": "Carmarthenshire", "http://yago-knowledge.org/resource/Ceredigion": "Ceredigion", "http://yago-knowledge.org/resource/Conwy_County_Borough": "Conwy", "http://yago-knowledge.org/resource/Denbighshire": "Denbighshire", "http://yago-knowledge.org/resource/Flintshire": "Flintshire", "http://yago-knowledge.org/resource/Gwynedd": "Gwynedd", "http://yago-knowledge.org/resource/Merthyr_Tydfil_County_Borough": "Merthyr Tydfil", "http://yago-knowledge.org/resource/Monmouthshire": "Monmouthshire", "http://yago-knowledge.org/resource/Neath_Port_Talbot": "Neath Port Talbot", "http://yago-knowledge.org/resource/geoentity_Newport_3333246": "Newport", "http://yago-knowledge.org/resource/Pembrokeshire": "Pembrokeshire", "http://yago-knowledge.org/resource/Powys": "Powys", "http://yago-knowledge.org/resource/Swansea": "Swansea", "http://yago-knowledge.org/resource/Torfaen": "Torfaen", "http://yago-knowledge.org/resource/Vale_of_Glamorgan": "Vale of Glamorgan", "http://yago-knowledge.org/resource/Wrexham_County_Borough": "Wrexham", "http://yago-knowledge.org/resource/Barnsley": "Barnsley", "http://yago-knowledge.org/resource/Bedford": "Bedford", "http://yago-knowledge.org/resource/Bolton": "Bolton", "http://yago-knowledge.org/resource/Bradford": "Bradford", "http://yago-knowledge.org/resource/Aylesbury_Vale": "Aylesbury Vale", "http://yago-knowledge.org/resource/Chiltern_District": "Chiltern", "http://yago-knowledge.org/resource/geoentity_South_Bucks_District_7290659": "South Bucks", "http://yago-knowledge.org/resource/geoentity_Wycombe_2633462": "Wycombe", "http://yago-knowledge.org/resource/Bury": "Bury", "http://yago-knowledge.org/resource/geoentity_Cambridge_District_7290660": "Cambridge", "http://yago-knowledge.org/resource/East_Cambridgeshire": "East Cambridgeshire", "http://yago-knowledge.org/resource/geoentity_Fenland_District_2649556": "Fenland", "http://yago-knowledge.org/resource/Huntingdonshire": "Huntingdonshire", "http://yago-knowledge.org/resource/geoentity_King's_Lynn_and_West_Norfolk_District_7290596": "King's Lynn and West Norfolk", "http://yago-knowledge.org/resource/geoentity_South_Cambridgeshire_District_7290661": "South Cambridgeshire", "http://yago-knowledge.org/resource/geoentity_Allerdale_District_7290662": "Allerdale", "http://yago-knowledge.org/resource/Borough_of_Barrow-in-Furness": "Barrow-in-Furness", "http://yago-knowledge.org/resource/geoentity_Carlisle_District_7290664": "Carlisle", "http://yago-knowledge.org/resource/geoentity_Copeland_District_7290665": "Copeland", "http://yago-knowledge.org/resource/Eden_District": "Eden", "http://yago-knowledge.org/resource/geoentity_South_Lakeland_District_7290667": "South Lakeland", "http://yago-knowledge.org/resource/Darlington": "Darlington", "http://yago-knowledge.org/resource/Derby": "Derby", "http://yago-knowledge.org/resource/geoentity_Amber_Valley_District_7290668": "Amber Valley", "http://yago-knowledge.org/resource/Bolsover_District": "Bolsover", "http://yago-knowledge.org/resource/geoentity_Chesterfield_District_7290669": "Chesterfield", "http://yago-knowledge.org/resource/geoentity_Derbyshire_Dales_District_7290670": "Derbyshire Dales", "http://yago-knowledge.org/resource/geoentity_Erewash_District_7290671": "Erewash", "http://yago-knowledge.org/resource/geoentity_High_Peak_District_7290672": "High Peak", "http://yago-knowledge.org/resource/North_East_Derbyshire": "North East Derbyshire", "http://yago-knowledge.org/resource/geoentity_South_Derbyshire_District_7290673": "South Derbyshire", "http://yago-knowledge.org/resource/geoentity_East_Devon_District_7290674": "East Devon", "http://yago-knowledge.org/resource/geoentity_Exeter_District_7290675": "Exeter", "http://yago-knowledge.org/resource/geoentity_Mid_Devon_District_7290676": "Mid Devon", "http://yago-knowledge.org/resource/geoentity_North_Devon_District_7290677": "North Devon", "http://yago-knowledge.org/resource/geoentity_South_Hams_District_2637414": "South Hams", "http://yago-knowledge.org/resource/geoentity_Teignbridge_District_7290678": "Teignbridge", "http://yago-knowledge.org/resource/geoentity_Torridge_District_2635640": "Torridge", "http://yago-knowledge.org/resource/geoentity_West_Devon_District_7290679": "West Devon", "http://yago-knowledge.org/resource/Doncaster": "Doncaster", "http://yago-knowledge.org/resource/geoentity_Christchurch_District_7290680": "Christchurch", "http://yago-knowledge.org/resource/geoentity_East_Dorset_District_7290681": "East Dorset", "http://yago-knowledge.org/resource/geoentity_North_Dorset_District_7290682": "North Dorset", "http://yago-knowledge.org/resource/geoentity_Purbeck_District_7290683": "Purbeck", "http://yago-knowledge.org/resource/geoentity_West_Dorset_District_7290684": "West Dorset", "http://yago-knowledge.org/resource/geoentity_Weymouth_and_Portland_District_7290685": "Weymouth and Portland", "http://yago-knowledge.org/resource/Dudley": "Dudley", "http://yago-knowledge.org/resource/Durham": "Durham", "http://yago-knowledge.org/resource/geoentity_Eastbourne_District_7290686": "Eastbourne", "http://yago-knowledge.org/resource/geoentity_Hastings_District_7290687": "Hastings", "http://yago-knowledge.org/resource/geoentity_Lewes_District_7290688": "Lewes", "http://yago-knowledge.org/resource/geoentity_Wealden_District_2634637": "Wealden", "http://yago-knowledge.org/resource/Borough_of_Basildon": "Basildon", "http://yago-knowledge.org/resource/Braintree_District": "Braintree", "http://yago-knowledge.org/resource/Borough_of_Brentwood": "Brentwood", "http://yago-knowledge.org/resource/geoentity_Castle_Point_District_7290692": "Castle Point", "http://yago-knowledge.org/resource/geoentity_Chelmsford_District_7290541": "Chelmsford", "http://yago-knowledge.org/resource/geoentity_Colchester_District_7290542": "Colchester", "http://yago-knowledge.org/resource/geoentity_Epping_Forest_District_7290543": "Epping Forest", "http://yago-knowledge.org/resource/geoentity_Harlow_District_7290544": "Harlow", "http://yago-knowledge.org/resource/Maldon_Essex": "Maldon", "http://yago-knowledge.org/resource/Rochford_District": "Rochford", "http://yago-knowledge.org/resource/geoentity_Tendring_District_7290546": "Tendring", "http://yago-knowledge.org/resource/geoentity_Uttlesford_District_7290547": "Uttlesford", "http://yago-knowledge.org/resource/Gateshead": "Gateshead", "http://yago-knowledge.org/resource/Cheltenham": "Cheltenham", "http://yago-knowledge.org/resource/geoentity_Cotswold_District_7290549": "Cotswold", "http://yago-knowledge.org/resource/geoentity_Forest_of_Dean_District_7290550": "Forest of Dean", "http://yago-knowledge.org/resource/geoentity_Gloucester_District_7290551": "Gloucester", "http://yago-knowledge.org/resource/Stroud_District": "Stroud", "http://yago-knowledge.org/resource/Tewkesbury_Borough": "Tewkesbury", "http://yago-knowledge.org/resource/geoentity_Barking_and_Dagenham_3333120": "Barking and Dagenham", "http://yago-knowledge.org/resource/London_Borough_of_Barnet": "Barnet", "http://yago-knowledge.org/resource/London_Borough_of_Bexley": "Bexley", "http://yago-knowledge.org/resource/London_Borough_of_Brent": "Brent", "http://yago-knowledge.org/resource/London_Borough_of_Bromley": "Bromley", "http://yago-knowledge.org/resource/London_Borough_of_Camden": "Camden", "http://yago-knowledge.org/resource/London_Borough_of_Croydon": "Croydon", "http://yago-knowledge.org/resource/geoentity_Ealing_3333145": "Ealing", "http://yago-knowledge.org/resource/London_Borough_of_Enfield": "Enfield", "http://yago-knowledge.org/resource/geoentity_Greenwich_3333147": "Greenwich", "http://yago-knowledge.org/resource/London_Borough_of_Hackney": "Hackney", "http://yago-knowledge.org/resource/geoentity_Hammersmith_and_Fulham_3333149": "Hammersmith and Fulham", "http://yago-knowledge.org/resource/London_Borough_of_Haringey": "Haringey", "http://yago-knowledge.org/resource/geoentity_Harrow_3333151": "Harrow", "http://yago-knowledge.org/resource/London_Borough_of_Havering": "Havering", "http://yago-knowledge.org/resource/geoentity_Hillingdon_3333154": "Hillingdon", "http://yago-knowledge.org/resource/London_Borough_of_Hounslow": "Hounslow", "http://yago-knowledge.org/resource/London_Borough_of_Islington": "Islington", "http://yago-knowledge.org/resource/geoentity_Royal_Kensington_and_Chelsea_3333157": "Kensington and Chelsea", "http://yago-knowledge.org/resource/geoentity_Royal_Kingston_upon_Thames_3333160": "Kingston upon Thames", "http://yago-knowledge.org/resource/London_Borough_of_Lambeth": "Lambeth", "http://yago-knowledge.org/resource/London_Borough_of_Lewisham": "Lewisham", "http://yago-knowledge.org/resource/geoentity_City_of_London_2643744": "London", "http://yago-knowledge.org/resource/Merton_(parish)": "Merton", "http://yago-knowledge.org/resource/London_Borough_of_Newham": "Newham", "http://yago-knowledge.org/resource/London_Borough_of_Redbridge": "Redbridge", "http://yago-knowledge.org/resource/geoentity_Richmond_upon_Thames_3333187": "Richmond upon Thames", "http://yago-knowledge.org/resource/London_Borough_of_Southwark": "Southwark", "http://yago-knowledge.org/resource/London_Borough_of_Sutton": "Sutton", "http://yago-knowledge.org/resource/London_Borough_of_Tower_Hamlets": "Tower Hamlets", "http://yago-knowledge.org/resource/London_Borough_of_Waltham_Forest": "Waltham Forest", "http://yago-knowledge.org/resource/geoentity_Wandsworth_3333215": "Wandsworth", "http://yago-knowledge.org/resource/City_of_Westminster": "Westminster", "http://yago-knowledge.org/resource/Borough_of_Halton": "Halton", "http://yago-knowledge.org/resource/geoentity_Basingstoke_and_Deane_District_7290553": "Basingstoke and Deane", "http://yago-knowledge.org/resource/geoentity_East_Hampshire_District_7290554": "East Hampshire", "http://yago-knowledge.org/resource/Borough_of_Eastleigh": "Eastleigh", "http://yago-knowledge.org/resource/geoentity_Fareham_District_7290556": "Fareham", "http://yago-knowledge.org/resource/geoentity_Gosport_District_7290557": "Gosport", "http://yago-knowledge.org/resource/Hart_District": "Hart", "http://yago-knowledge.org/resource/geoentity_Havant_District_7290559": "Havant", "http://yago-knowledge.org/resource/New_Forest_District": "New Forest", "http://yago-knowledge.org/resource/geoentity_Rushmoor_District_7290560": "Rushmoor", "http://yago-knowledge.org/resource/geoentity_Test_Valley_District_7290561": "Test Valley", "http://yago-knowledge.org/resource/geoentity_Winchester_District_7290562": "Winchester", "http://yago-knowledge.org/resource/Hartlepool": "Hartlepool", "http://yago-knowledge.org/resource/Borough_of_Broxbourne": "Broxbourne", "http://yago-knowledge.org/resource/geoentity_Dacorum_District_7290564": "Dacorum", "http://yago-knowledge.org/resource/geoentity_East_Hertfordshire_District_7290565": "East Hertfordshire", "http://yago-knowledge.org/resource/Hertsmere": "Hertsmere", "http://yago-knowledge.org/resource/geoentity_North_Hertfordshire_District_7290567": "North Hertfordshire", "http://yago-knowledge.org/resource/St_Albans_Victoria": "Saint Albans", "http://yago-knowledge.org/resource/geoentity_Stevenage_District_7290568": "Stevenage", "http://yago-knowledge.org/resource/geoentity_Three_Rivers_2635925": "Three Rivers", "http://yago-knowledge.org/resource/geoentity_Watford_District_7290569": "Watford", "http://yago-knowledge.org/resource/Welwyn_Hatfield": "Welwyn Hatfield", "http://yago-knowledge.org/resource/geoentity_Ashford_District_7290570": "Ashford", "http://yago-knowledge.org/resource/Canterbury": "Canterbury", "http://yago-knowledge.org/resource/geoentity_Dartford_District_7290571": "Dartford", "http://yago-knowledge.org/resource/Dover_District": "Dover", "http://yago-knowledge.org/resource/Gravesham": "Gravesham", "http://yago-knowledge.org/resource/geoentity_Maidstone_District_7290572": "Maidstone", "http://yago-knowledge.org/resource/geoentity_Sevenoaks_District_6945814": "Sevenoaks", "http://yago-knowledge.org/resource/Shepway": "Shepway", "http://yago-knowledge.org/resource/geoentity_Swale_District_7290573": "Swale", "http://yago-knowledge.org/resource/Thanet": "Thanet", "http://yago-knowledge.org/resource/geoentity_Tonbridge_and_Malling_District_7290574": "Tonbridge and Malling", "http://yago-knowledge.org/resource/Borough_of_Tunbridge_Wells": "Tunbridge Wells", "http://yago-knowledge.org/resource/Kingston_upon_Hull": "Kingston upon Hull", "http://yago-knowledge.org/resource/Knowsley,_Merseyside": "Knowsley", "http://yago-knowledge.org/resource/Borough_of_Burnley": "Burnley", "http://yago-knowledge.org/resource/geoentity_Chorley_District_7290577": "Chorley", "http://yago-knowledge.org/resource/geoentity_Fylde_District_7290578": "Fylde", "http://yago-knowledge.org/resource/geoentity_Hyndburn_District_7290579": "Hyndburn", "http://yago-knowledge.org/resource/Lancaster,_Lancashire": "Lancaster", "http://yago-knowledge.org/resource/geoentity_Pendle_District_7290580": "Pendle", "http://yago-knowledge.org/resource/geoentity_Preston_District_7290581": "Preston", "http://yago-knowledge.org/resource/geoentity_Ribble_Valley_District_7290582": "Ribble Valley", "http://yago-knowledge.org/resource/geoentity_Rossendale_District_7290583": "Rossendale", "http://yago-knowledge.org/resource/South_Ribble": "South Ribble", "http://yago-knowledge.org/resource/geoentity_West_Lancashire_District_2634372": "West Lancashire", "http://yago-knowledge.org/resource/geoentity_Wyre_District_2633439": "Wyre", "http://yago-knowledge.org/resource/Leeds": "Leeds", "http://yago-knowledge.org/resource/Leicester": "Leicester", "http://yago-knowledge.org/resource/Blaby_District": "Blaby", "http://yago-knowledge.org/resource/geoentity_Charnwood_District_7290584": "Charnwood", "http://yago-knowledge.org/resource/geoentity_Harborough_District_7290585": "Harborough", "http://yago-knowledge.org/resource/geoentity_Hinckley_and_Bosworth_District_7290586": "Hinckley and Bosworth", "http://yago-knowledge.org/resource/geoentity_Melton_District_7290587": "Melton", "http://yago-knowledge.org/resource/North_West_Leicestershire": "North West Leicestershire", "http://yago-knowledge.org/resource/geoentity_Oadby_and_Wigston_2641133": "Oadby and Wigston", "http://yago-knowledge.org/resource/Borough_of_Boston": "Boston", "http://yago-knowledge.org/resource/geoentity_East_Lindsey_District_7290589": "East Lindsey", "http://yago-knowledge.org/resource/geoentity_Lincoln_District_7290590": "Lincoln", "http://yago-knowledge.org/resource/North_Kesteven": "North Kesteven", "http://yago-knowledge.org/resource/geoentity_South_Holland_District_7290591": "South Holland", "http://yago-knowledge.org/resource/geoentity_South_Kesteven_District_7290592": "South Kesteven", "http://yago-knowledge.org/resource/geoentity_West_Lindsey_District_7290593": "West Lindsey", "http://yago-knowledge.org/resource/Milton_Keynes": "Milton Keynes", "http://yago-knowledge.org/resource/Breckland_District": "Breckland", "http://yago-knowledge.org/resource/Broadland": "Broadland", "http://yago-knowledge.org/resource/geoentity_Great_Yarmouth_District_7290595": "Great Yarmouth", "http://yago-knowledge.org/resource/geoentity_North_Norfolk_District_7290597": "North Norfolk", "http://yago-knowledge.org/resource/geoentity_Norwich_District_7290598": "Norwich", "http://yago-knowledge.org/resource/geoentity_South_Norfolk_District_7290599": "South Norfolk", "http://yago-knowledge.org/resource/Epworth,_Lincolnshire": "North Lincolnshire", "http://yago-knowledge.org/resource/geoentity_Craven_District_7290606": "Craven", "http://yago-knowledge.org/resource/geoentity_Hambleton_District_7290607": "Hambleton", "http://yago-knowledge.org/resource/geoentity_Harrogate_District_7290608": "Harrogate", "http://yago-knowledge.org/resource/geoentity_Richmondshire_District_7290609": "Richmondshire", "http://yago-knowledge.org/resource/geoentity_Ryedale_District_7290610": "Ryedale", "http://yago-knowledge.org/resource/geoentity_Scarborough_District_7290611": "Scarborough", "http://yago-knowledge.org/resource/Asselby": "Selby", "http://yago-knowledge.org/resource/geoentity_Corby_District_7290600": "Corby", "http://yago-knowledge.org/resource/geoentity_Daventry_District_7290601": "Daventry", "http://yago-knowledge.org/resource/geoentity_East_Northamptonshire_District_7290602": "East Northamptonshire", "http://yago-knowledge.org/resource/geoentity_Kettering_District_7290603": "Kettering", "http://yago-knowledge.org/resource/Northampton": "Northampton", "http://yago-knowledge.org/resource/geoentity_South_Northamptonshire_District_7290604": "South Northamptonshire", "http://yago-knowledge.org/resource/geoentity_Wellingborough_District_7290605": "Wellingborough", "http://yago-knowledge.org/resource/geoentity_Ashfield_District_7290613": "Ashfield", "http://yago-knowledge.org/resource/Bassetlaw": "Bassetlaw", "http://yago-knowledge.org/resource/Broxtowe": "Broxtowe", "http://yago-knowledge.org/resource/geoentity_Gedling_District_7290616": "Gedling", "http://yago-knowledge.org/resource/geoentity_Mansfield_District_7290617": "Mansfield", "http://yago-knowledge.org/resource/geoentity_Newark_and_Sherwood_District_7290618": "Newark and Sherwood", "http://yago-knowledge.org/resource/geoentity_Rushcliffe_District_7290619": "Rushcliffe", "http://yago-knowledge.org/resource/Oldham": "Oldham", "http://yago-knowledge.org/resource/Cherwell_District": "Cherwell", "http://yago-knowledge.org/resource/Oxford": "Oxford", "http://yago-knowledge.org/resource/geoentity_South_Oxfordshire_District_2637349": "South Oxfordshire", "http://yago-knowledge.org/resource/geoentity_Vale_of_White_Horse_District_2635027": "Vale of White Horse", "http://yago-knowledge.org/resource/geoentity_West_Oxfordshire_District_7290622": "West Oxfordshire", "http://yago-knowledge.org/resource/Poole": "Poole", "http://yago-knowledge.org/resource/Reading_Berkshire": "Reading", "http://yago-knowledge.org/resource/Rochdale": "Rochdale", "http://yago-knowledge.org/resource/Rotherham": "Rotherham", "http://yago-knowledge.org/resource/St_Helens_Merseyside": "Saint Helens", "http://yago-knowledge.org/resource/Salford": "Salford", "http://yago-knowledge.org/resource/Liverpool": "Liverpool", "http://yago-knowledge.org/resource/Sefton,_Merseyside": "Sefton", "http://yago-knowledge.org/resource/Slough": "Slough", "http://yago-knowledge.org/resource/Solihull": "Solihull", "http://yago-knowledge.org/resource/geoentity_Mendip_District_7290623": "Mendip", "http://yago-knowledge.org/resource/geoentity_Sedgemoor_District_7290624": "Sedgemoor", "http://yago-knowledge.org/resource/geoentity_South_Somerset_District_7290625": "South Somerset", "http://yago-knowledge.org/resource/geoentity_Taunton_Deane_District_7290626": "Taunton Deane", "http://yago-knowledge.org/resource/geoentity_West_Somerset_District_7290627": "West Somerset", "http://yago-knowledge.org/resource/Cannock_Chase_District": "Cannock Chase", "http://yago-knowledge.org/resource/East_Staffordshire": "East Staffordshire", "http://yago-knowledge.org/resource/geoentity_Lichfield_District_7290628": "Lichfield", "http://yago-knowledge.org/resource/geoentity_Newcastle-under-Lyme_District_7290629": "Newcastle-under-Lyme", "http://yago-knowledge.org/resource/geoentity_South_Staffordshire_District_7290630": "South Staffordshire", "http://yago-knowledge.org/resource/geoentity_Stafford_District_7290631": "Stafford", "http://yago-knowledge.org/resource/Staffordshire_Moorlands": "Staffordshire Moorlands", "http://yago-knowledge.org/resource/geoentity_Tamworth_District_7290632": "Tamworth", "http://yago-knowledge.org/resource/Stockport": "Stockport", "http://yago-knowledge.org/resource/Stockton-on-Tees": "Stockton-on-Tees", "http://yago-knowledge.org/resource/geoentity_Babergh_District_7290633": "Babergh", "http://yago-knowledge.org/resource/geoentity_Forest_Heath_District_2649217": "Forest Heath", "http://yago-knowledge.org/resource/geoentity_Ipswich_District_7290634": "Ipswich", "http://yago-knowledge.org/resource/geoentity_Mid_Suffolk_District_7290635": "Mid Suffolk", "http://yago-knowledge.org/resource/Bury_St_Edmunds": "Saint Edmundsbury", "http://yago-knowledge.org/resource/geoentity_Suffolk_Coastal_District_7290637": "Suffolk coastal", "http://yago-knowledge.org/resource/geoentity_Waveney_District_7290638": "Waveney", "http://yago-knowledge.org/resource/Sunderland": "Sunderland", "http://yago-knowledge.org/resource/geoentity_Elmbridge_District_2650079": "Elmbridge", "http://yago-knowledge.org/resource/geoentity_Epsom_and_Ewell_District_7290639": "Epsom and Ewell", "http://yago-knowledge.org/resource/geoentity_Guildford_District_7290640": "Guildford", "http://yago-knowledge.org/resource/Mole_Valley": "Mole Valley", "http://yago-knowledge.org/resource/geoentity_Reigate_and_Banstead_District_2639505": "Reigate and Banstead", "http://yago-knowledge.org/resource/geoentity_Runnymede_District_7290641": "Runnymede", "http://yago-knowledge.org/resource/geoentity_Spelthorne_District_7290642": "Spelthorne", "http://yago-knowledge.org/resource/Surrey_Heath": "Surrey Heath", "http://yago-knowledge.org/resource/geoentity_Tandridge_District_7290643": "Tandridge", "http://yago-knowledge.org/resource/geoentity_Waverley_District_7290644": "Waverley", "http://yago-knowledge.org/resource/geoentity_Woking_District_7290645": "Woking", "http://yago-knowledge.org/resource/Swindon": "Swindon", "http://yago-knowledge.org/resource/Wakefield": "Wakefield", "http://yago-knowledge.org/resource/Walsall": "Walsall", "http://yago-knowledge.org/resource/geoentity_North_Warwickshire_District_7290646": "North Warwickshire", "http://yago-knowledge.org/resource/geoentity_Nuneaton_and_Bedworth_District_7290647": "Nuneaton and Bedworth", "http://yago-knowledge.org/resource/geoentity_Rugby_District_7290648": "Rugby", "http://yago-knowledge.org/resource/Stratford-on-Avon_District": "Stratford-on-Avon", "http://yago-knowledge.org/resource/Warwick_District": "Warwick", "http://yago-knowledge.org/resource/geoentity_Adur_District_2657660": "Adur", "http://yago-knowledge.org/resource/Arun": "Arun", "http://yago-knowledge.org/resource/Chichester_District": "Chichester", "http://yago-knowledge.org/resource/Crawley": "Crawley", "http://yago-knowledge.org/resource/geoentity_Horsham_District_7290651": "Horsham", "http://yago-knowledge.org/resource/geoentity_Mid_Sussex_District_7290652": "Mid Sussex", "http://yago-knowledge.org/resource/geoentity_Worthing_District_7290653": "Worthing", "http://yago-knowledge.org/resource/Wigan": "Wigan", "http://yago-knowledge.org/resource/Royal_Borough_of_Windsor_and_Maidenhead": "Windsor and Maidenhead", "http://yago-knowledge.org/resource/Wokingham_Without": "Wokingham", "http://yago-knowledge.org/resource/Bromsgrove_District": "Bromsgrove", "http://yago-knowledge.org/resource/geoentity_Malvern_Hills_District_7290655": "Malvern Hills", "http://yago-knowledge.org/resource/geoentity_Redditch_District_7290656": "Redditch", "http://yago-knowledge.org/resource/geoentity_Worcester_District_7290657": "Worcester", "http://yago-knowledge.org/resource/geoentity_Wychavon_District_7290658": "Wychavon", "http://yago-knowledge.org/resource/Wyre_Forest_District": "Wyre Forest", "http://yago-knowledge.org/resource/Antrim_borough": "Antrim", "http://yago-knowledge.org/resource/Newtownabbey": "Newtownabbey", "http://yago-knowledge.org/resource/Armagh": "Armagh", "http://yago-knowledge.org/resource/Banbridge": "Banbridge", "http://yago-knowledge.org/resource/Craigavon": "Craigavon", "http://yago-knowledge.org/resource/Belfast": "Belfast", "http://yago-knowledge.org/resource/Ballymoney_borough": "Ballymoney", "http://yago-knowledge.org/resource/Coleraine": "Coleraine", "http://yago-knowledge.org/resource/Limavady": "Limavady", "http://yago-knowledge.org/resource/Moyle_District_Council": "Moyle", "http://yago-knowledge.org/resource/Derry": "Derry", "http://yago-knowledge.org/resource/Strabane": "Strabane", "http://yago-knowledge.org/resource/Fermanagh": "Fermanagh", "http://yago-knowledge.org/resource/Omagh": "Omagh", "http://yago-knowledge.org/resource/Electoral_district_of_Castlereagh": "Castlereagh", "http://yago-knowledge.org/resource/Lisburn": "Lisburn", "http://yago-knowledge.org/resource/Ballymena": "Ballymena", "http://yago-knowledge.org/resource/Carrickfergus_barony": "Carrickfergus", "http://yago-knowledge.org/resource/Larne": "Larne", "http://yago-knowledge.org/resource/Cookstown": "Cookstown", "http://yago-knowledge.org/resource/Dungannon_barony": "Dungannon", "http://yago-knowledge.org/resource/Magherafelt": "Magherafelt", "http://yago-knowledge.org/resource/County_Down": "Down", "http://yago-knowledge.org/resource/Mourne_barony": "Newry and Mourne", "http://yago-knowledge.org/resource/Ards_borough": "Ards", "http://yago-knowledge.org/resource/North_Down_Assembly_constituency": "North Down", "http://yago-knowledge.org/resource/Aberdeen": "Aberdeen", "http://yago-knowledge.org/resource/Angus": "Angus", "http://yago-knowledge.org/resource/Dumfries_and_Galloway": "Dumfries and Galloway", "http://yago-knowledge.org/resource/Dundee": "Dundee", "http://yago-knowledge.org/resource/Eilean_Siar": "Eilean Siar", "http://yago-knowledge.org/resource/Falkirk": "Falkirk", "http://yago-knowledge.org/resource/geoentity_Fifeshire_2649468": "Fife", "http://yago-knowledge.org/resource/Glasgow": "Glasgow", "http://yago-knowledge.org/resource/Highland_council_area": "Highland", "http://yago-knowledge.org/resource/Moray": "Moray", "http://yago-knowledge.org/resource/Orkney": "Orkney Islands", "http://yago-knowledge.org/resource/Perthshire": "Perthshire and Kinross", "http://yago-knowledge.org/resource/Shetland_Islands": "Shetland Islands", "http://yago-knowledge.org/resource/Stirling": "Stirling", "http://yago-knowledge.org/resource/Anglesey_Staffordshire": "Anglesey", "http://yago-knowledge.org/resource/Bridgend": "Bridgend", "http://yago-knowledge.org/resource/Caerphilly": "Caerphilly", "http://yago-knowledge.org/resource/Carmarthen": "Carmarthenshire", "http://yago-knowledge.org/resource/Cynwyd,_Denbighshire": "Conwy", "http://yago-knowledge.org/resource/Cwm,_Denbighshire": "Denbighshire", "http://yago-knowledge.org/resource/Kingdom_of_Gwynedd": "Gwynedd", "http://yago-knowledge.org/resource/Merthyr_Cynog": "Merthyr Tydfil", "http://yago-knowledge.org/resource/geoentity_Monmouth_2647730": "Monmouthshire", "http://yago-knowledge.org/resource/Newport,_Wales": "Newport", "http://yago-knowledge.org/resource/Kingdom_of_Powys": "Powys", "http://yago-knowledge.org/resource/Rhondda_Cynon_Taff": "Rhondda, Cynon, Taff", "http://yago-knowledge.org/resource/Wrexham": "Wrexham"}